id	vacina	vacina_sigla	dose	idade_ano_minimo	idade_mes_minimo	idade_ano_maximo	idade-mes-maximo	faixa	categoria	grupo_de_atendimento	grupo	observacao	informacoes_complementares	via_de_administracao	local_de_administracao	lote	validade
101	BCG	BCG	DU	0	0			Crian√ßa			0	Ao Nascer					
102	Hepatite B	HB		0	0			Crian√ßa			0	Ao Nascer		intramuscular	vasto lateral ( direito ou esquerdo)		
103	Penta	Penta	D1	0	2			Crian√ßa			0,2	3 Doses	D1: 2 meses; D2: 4 meses; D3: 6 meses	intramuscular	vasto lateral ( direito ou esquerdo)		
106	VIP	VIP	D1	0	2			Crian√ßa			0,2	Vacina Intramuscular Contra Poliomielite s√£o 3 Doses	D1: 2 meses; D2: 4 meses; D3: 6 meses	intramuscular	vasto lateral ( direito ou esquerdo)		
109	Rotav√≠rus Humano	Rota	D1	0	2			Crian√ßa			0,2	2 Doses	Aprazar 2 meses a D2	oral	boca		
111	Pneumo 10V	P10	D1	0	2			Crian√ßa			0,2	2 Doses	Aprazar 2 meses a D2	intramuscular	vasto lateral ( direito ou esquerdo)		
113	Meningo C	MenC	D1	0	3			Crian√ßa			0,3	2 Doses	Aprazar 2 meses a D2	intramuscular	vasto lateral ( direito ou esquerdo)		
104	Penta		D2	0	4			Crian√ßa			0,4			intramuscular	vasto lateral ( direito ou esquerdo)		
107	VIP		D2	0	4			Crian√ßa			0,4			intramuscular	vasto lateral ( direito ou esquerdo)		
110	Rotav√≠rus Humano		D2	0	4			Crian√ßa			0,4			oral	boca		
112	Pneumo 10V	P10	D2	0	4			Crian√ßa			0,4		Pneumoc√≥cica 10V (conjugada)	intramuscular	vasto lateral ( direito ou esquerdo)		
114	Meningo C	MenC	D2	0	5			Crian√ßa			0,5		Meningoc√≥cia C (conjugada)	intramuscular	vasto lateral ( direito ou esquerdo)		
105	Penta	Penta	D3	0	6			Crian√ßa			0,6			intramuscular	vasto lateral ( direito ou esquerdo)		
108	VIP		D3	0	6			Crian√ßa			0,6			intramuscular	vasto lateral ( direito ou esquerdo)		
115	Febre amarela	FA	D	0	9			Crian√ßa			0,9			subcut√¢nea	face externa superior do bra√ßo (direito ou esquerdo)		
116	Tr√≠plice viral	SRC	D	1	0			Crian√ßa			1			subcut√¢nea	face externa superior do bra√ßo (direito ou esquerdo)		
117	Pneumo 10V	P10	REF	1	0			Crian√ßa			1		Pneumoc√≥cica 10V (conjugada)	intramuscular	vasto lateral ( direito ou esquerdo)		
118	Meningo C	MenC	REF	1	0			Crian√ßa			1		Meningoc√≥cia C (conjugada)	intramuscular	vasto lateral ( direito ou esquerdo)		
119	DTP		D1	1	3			Crian√ßa			1,3	2 Doses	Segunda dose com 4 anos	intramuscular	vasto lateral ( direito ou esquerdo)		
920	VOP (saiu)		D1	1	3			Crian√ßa - saiu do calend√°rio 			1,3	2 Doses	Segunda dose com 4 anos	oral	boca		
137	VIP		REF	1	3			Crian√ßa			1,3	REF		intramuscular	vasto lateral ( direito ou esquerdo)		
123	Treta viral		DU	1	3			Crian√ßa			1,3			subcut√¢nea	face externa superior do bra√ßo (direito ou esquerdo)		
125	Hepatite A		DU	1	3			Crian√ßa			1,3			intramuscular	vasto lateral ( direito ou esquerdo)		
122	DTP		D2 REF	4	0			Crian√ßa			4			intramuscular	deltoide ( direito ou esquerdo)		
921	VOP (saiu)		D2 REF	4	0			Crian√ßa- saiu do calend√°rio 			4			oral	boca		
124	Varicela		DU	4	0			Crian√ßa			4			subcut√¢nea	face externa superior do bra√ßo (direito ou esquerdo)		
131	Febre amarela	FA	REF	4	0			Crian√ßa			4	Crian√ßas entre 9 (nove) meses de vida a menores de 5 cinco anos de idade (4 anos 11 meses e 29 dias): Administrar 1 (uma) dose aos 9 (nove) meses de vida, e uma dose de refor√ßo aos 4 (quatro) anos de idade. Pessoas a partir de 5 (cinco) anos de idade, que receberam apenas uma dose da vacina antes de completarem 5 anos: administrar 1 (uma) dose de refor√ßo. Respeitar o intervalo m√≠nimo de 30 (trinta) dias.		subcut√¢nea	face externa superior do bra√ßo (direito ou esquerdo)		
127	HPV	HPV	DU	9	0			Crian√ßa			9	9 aos 19 anos		intramuscular	deltoide ( direito ou esquerdo)		
128	Influenza (gripe)		D1	0	6			Crian√ßa			0,6	2 doses se nunca tomou com intervalo minimo de 30 dias, dose √∫nica se j√° fez o esquema prim√°rio de duas doses	At√© 8 anos nunca tomou faz 2 doses	intramuscular			
129	Influenza (gripe)		D2	0	7			Crian√ßa			0,7	30 dias apos D1 da gripe					
130	Dengue			10	0	14	11	Crian√ßa 			10	intervalo de 30 dias para vacina do COVID-19, intervalo de 24 horas para Influenza (virus atenuado) e 24 horas para vacinas bacterianas	Vacina√ß√£o concomitante: recomenda-se evitar a concomit√¢ncia da vacina dengue tetravalente (atenuada) com outras vacinas, sendo: a) vacinas inativadas e outras: podem ser administradas a partir de 24 horas ap√≥s a vacina√ß√£o contra a dengue; b) vacinas atenuadas: podem ser administradas ap√≥s 30 dias da vacina√ß√£o contra a dengue.				
132	Covid-19 Baby		D1	0	6			Crian√ßa			0,6	Obs. Aprazar  1 m√™s para D2		intramuscular	menor de 2 anos: vasto lateral ( direito ou esquerdo); maior de 2 anos: deltoide		
133	Covid-19 Baby		D2	0	7			Crian√ßa			0,7	Obs. Aprazar 2 meses para D3		intramuscular	menor de 2 anos: vasto lateral ( direito ou esquerdo); maior de 2 anos: deltoide		
134	Covid-19 Baby		D3	0	9			Crian√ßa			0,9			intramuscular	menor de 2 anos: vasto lateral  direito ou esquerdo;  maior de 2 anos: deltoide direito ou esquerdo		
135	Covid-19 Ped		D1	5	0	11	11	Crian√ßa-FORA do esquema			5	Duas doses para completar o esquema. Intervalo de 2 meses		intramuscular	deltoide ( direito ou esquerdo)		
136	Covid-19 Ped		D2	5	2			Crian√ßa-FORA do esquema			5,2	Intervalo de 2 meses a·πïos D1		intramuscular	deltoide ( direito ou esquerdo)		
201	Hepatite B	HB		12	0			Adolescente				Hepatite B recombinante (HB) a qualquer tempo,  a depender se nunca fez o esquema	Iniciar ou completar 3 doses, de acordo com situa√ß√£o vacinal (intervalo em meses: 0, 1, 6)	intramuscular	deltoide ( direito ou esquerdo)		
202	Difteria e T√©tano (dT)	dT		12	0			Adolescente				a qualquer tempo,  a depender se nunca fez o esquema	Iniciar ou completar 3 doses, de acordo com situa√ß√£o vacinal (intervalo em meses: 0, 2, 4)	intramuscular	deltoide ( direito ou esquerdo)		
203	Febre Amarela	FA		12	0			Adolescente				a qualquer tempo,  a depender se nunca tomou	Febre Amarela (VFA - atenuada) em adolescente √© feita em dose √∫nica	subcut√¢nea	face externa superior do bra√ßo (direito ou esquerdo)		
204	Tr√≠plice viral	SCR		12	0			Adolescente				Sarampo, Caxumba e Rub√©ola (Tr√≠plice viral) a qualquer tempo,  a depender se nunca fez o esquema	Iniciar ou completar 2 doses, de acordo com situa√ß√£o vacinal	subcut√¢nea	face externa superior do bra√ßo (direito ou esquerdo)		
205	HPV	HPV	DU	9	0	19	0	Adolescente				9 aos 19 anos	9 aos 19 anos. Vacina mais pesada. Aplicar preferencialmente no lado contrario da m√£o de escrita. 	intramuscular	deltoide ( direito ou esquerdo)		
206	meningoc√≥cica ACWY	ACWY	DU	11	0	14	11	Adolescente				11 aos 14 anos		intramuscular	deltoide ( direito ou esquerdo)		
301	Hepatite B	HB		18	0			Adulto				a qualquer tempo, a depender se nunca fez o esquema	Iniciar ou completar 3 doses, de acordo com situa√ß√£o vacinal (intervalo em meses: 0, 1, 6)	intramuscular	deltoide ( direito ou esquerdo)		
302	Difteria e T√©tano (dT)	dT		18	0			Adulto				intervalo de 10 anos	Iniciar ou completar 3 doses, de acordo com situa√ß√£o vacinal. O intervalo recomendado em meses: 0, 2, 4. Intervalo m√≠nimo: 30 dias.	intramuscular	deltoide ( direito ou esquerdo)		
303	Febre Amarela	FA		18	0			Adulto				Vacina Febre Amarela (VFA - atenuada)  dose √∫nica para pessoas que nunca foram vacinadas ou sem comprova√ß√£o de vacina√ß√£o	Dose √∫nica	subcut√¢nea	face externa superior do bra√ßo (direito ou esquerdo)		
304	HPV	HPV		18	0			Adulto				Em adultos apenas para alguns grupos especificos	Para v√≠timas de abuso sexual, de 9 a 14 anos a recomenda√ß√£o √© de duas doses. De 15 a 45, a recomenda√ß√£o √© de tr√™s doses, considerando o hist√≥rico vacinal contra o HPV. Pessoas com HIV/aids, transplantadas de √≥rg√£os s√≥lidos e de medula √≥ssea, pacientes com c√¢ncer e aqueles com papilomatose respirat√≥ria recorrente (PPR) devem tomar tr√™s doses, com prescri√ß√£o m√©dica. Para menores de 18 anos, √© necess√°rio consentimento dos pais ou respons√°veis para a vacina√ß√£o contra o HPV como tratamento adjuvante da PPR. O intervalo entre as doses deve ser confirmado na UBS.	intramuscular	deltoide ( direito ou esquerdo)		
305	Tr√≠plice viral	SRC		18	0	59	11	Adulto				20 a 29 anos 2 doses, 30 a 59 anos 1 dose (verificar situa√ß√£o vacinal anterior)	Intervalo entre doses de 30 dias.	subcut√¢nea	face externa superior do bra√ßo (direito ou esquerdo)		
306	Influenza (gripe)							Adulto				DU		intramuscular 	deltoide		
401	Difteria e T√©tano (dT)	dT		60	0			Idoso				verificar situa√ß√£o vacinal anterior	3 doses, de acordo com hist√≥rico vacinal | Refor√ßo a cada 10 anos ou a cada 5 anos em caso de ferimentos graves	intramuscular	deltoide ( direito ou esquerdo)		
402	Febre Amarela	FA		60	0			Idoso				Vacina Febre Amarela (VFA - atenuada) com recomenda√ß√£o m√©dica e verificar situa√ß√£o vacinal anterior	Pessoas a partir de 60 anos, que nunca foram vacinadas ou sem comprovante de vacina√ß√£o, o servi√ßo de sa√∫de dever√° avaliar a pertin√™ncia e o risco X benef√≠cio da vacina√ß√£o.	subcut√¢nea	face externa superior do bra√ßo (direito ou esquerdo)		
403	dTpa	dtPA		60	0			Idoso				verificar situa√ß√£o vacinal anterior	Uma dose - Refor√ßo a cada 10 ou 5 anos, em caso de ferimentos graves | Recomendadas para profissionais da sa√∫de, parteiras tradicionais e estagi√°rios da sa√∫de, que atuam em maternidades e unidades de interna√ß√£o neonatal - UTI/UCI convencional e UCI Canguru, atendendo rec√©m-nascidos	intramuscular	deltoide ( direito ou esquerdo)		
501	Hepatite B	HB						Gestante				iniciar e completar o esquema, de acordo com a situa√ß√£o vacinal anterior	3 doses, de acordo com hist√≥rico vacinal	intramuscular	deltoide ( direito ou esquerdo)		
502	Difteria e T√©tano (dT)	dT						Gestante				iniciar e completar o esquema, de acordo com a situa√ß√£o vacinal anterior	3 doses, de acordo com hist√≥rico vacinal	intramuscular	deltoide ( direito ou esquerdo)		
503	dTpa	dTpa						Gestante				Difteria, T√©tano, Pertussis (dTpa - acelular) 20¬™ semana de gravidez e pu√©rperas at√© 45 dias	Uma dose a cada gesta√ß√£o	intramuscular	deltoide ( direito ou esquerdo)		
130	Covid XBB			0	6			Crian√ßa			0,6	üë∂üèª - üõë Calend√°rio de VACINA√á√ÉO (Rotina) apenas crian√ßas de 6 meses a 4 anos, 11 meses e 29 dias, üë∂üèª üõë Iniciar esquema (D1, D2 com Moderna XBB) 30 dias de intervalo entre as doses . üë∂üèªüõë Esquema incompleto Iniciou com baby - EX.1: D1 baby ,(30 dias de intervalo para D2 moderna XBB); D3 60 dias ap√≥s D2; Ex.2: D1 baby D2 baby D3 moderna Xbb(60 dias ap√≥s D2); Ex.3: D1 baby D2 baby D3 baby Du moderna Xbb (3 meses ap√≥s a D3).	üõë Imunossuprimidos Obs: Crian√ßas 6 meses a menores 4 anos ,11 meses e 29 anos Iniciar esquema Com 03 doses, D1 hoje, D2 30 dias ap√≥s D1, D3 60 dias ap√≥s D2.  üõë Esquema incompleto: Completar o esquema com 03 doses Moderna XBB obedecer os intervalos recomendado. D1 hoje, D2 30 dias ap√≥s D1 , D3  60 dias ap√≥s D2. üõë Esquema completo com 03 doses: Fazer 01 dose (Moderna XBB) DU (com 3 meses de intervalo).	intramuscular			
307	Covid XBB							Adulto				üõë Pessoas saud√°veis, de 5 a 59 anos - que n√£o fazem parte de nenhum grupo priorit√°rio (ver tabela) - 1. N√£o tomam mais refor√ßo em nenhuma situa√ß√£o; 2. N√£o completar esquema 3. üõëObs: SE NUNCA TOMOU DOSE DE QUALQUER IMUNIZANTE TOMAR 01 DOSE DA MORDENA XBB. (Como dose √∫nica). üõë- Imunossuprimidos 5 a 59 anos- Iniciar esquema com 03 doses com moderna XBB. Esquema incompleto Completar esquema com 03 doses com a dose de (Moderna XBB) respeitando os intervalos. Esquema completo com 03 doses: Fazer dose √∫nica com moderna XBB Ap√≥s (03 meses da √∫ltima dose.) üõë- DOSE √öNICA, apenas para a popula√ß√£o mais vulner√°vel (GRUPOS PRIORIT√ÅRIOS) A partir de 5 anos- ( EX. Comorbidades, pessoas com defici√™ncia, trabalhadores de sa√∫de, popula√ß√£o rua, pessoa privada liberdade, ver tabela) Iniciar esquema: dose √∫nica(Moderna XBB) Esquema incompleto: dose √∫nica Moderna XBB (03 meses ap√≥s a √∫ltima dose √∫nica.) Esquema completo Fazer dose √∫nica com (Moderna XBB) 03 meses ap√≥s √∫ltima dose. OBS: As doses seguintes ser√° anual. üõë Grupos priorit√°rios, com exce√ß√£o de gestantes, pu√©rperas, imunossuprimidos e idosos, q ter√£o receber uma dose √∫nica de (Moderna XBB) 3 meses ap√≥s a √∫ltima dose. Fazer aprazamento para 6 meses ap√≥s a √∫ltima dose de (Moderna XBB)		intramuscular			
